# Probe ids (regex) -> fidelity issue. Generated when the issues were filed; extend by hand.
^(num\.bitand|num\.bitor|num\.bitxor|num\.bitnot|num\.bitshl|num\.bitshr|num\.bitand_float|num\.bitand_neg|str\.encodeURIComponent)$	270	a3-sqf: commands that do not exist in 2.22 compile and run (bitAnd, bitOr, encodeURIComponent, ...)
^(num\.div_by_zero|num\.atan2_neg|num\.finite_inf|num\.neg_mod_zero|arr\.select_out_of_range_far|arr\.hash_out_of_range|arr\.apply_index|hash\.object_key|ctl\.params_bad_name|ctl\.error_undefined_var|ctl\.error_zero_div|ctl\.error_missing_semicolon|ctl\.error_continue_after|ctl\.select_code_index|ctl\.count_code_bool_required|rex\.bad_pattern)$	271	a3-sqf: script errors abort the script; the original logs them and continues
^(num\.str_1e6|num\.str_1234567|num\.str_1e_minus5|num\.str_1e38|num\.str_1e39_inf|num\.str_neg_inf|num\.str_nan|num\.str_large_int|num\.pow_neg_frac|num\.int_overflow_add|num\.cos_90|num\.format_number|num\.format_array_nums|num\.str_array_nums|num\.str_int_24bit|num\.str_7_digits|num\.str_0_000001|num\.parse_inf|arr\.sort_floats_neg|vec\.linear_conversion_degenerate)$	272	a3-sqf: number formatting: exponent digits, inf/nan text, typeName of non-finite numbers
^(num\.round_neg_half|num\.round_neg_1_5|num\.round_neg_2_5)$	273	a3-sqf: round rounds halves up (toward +infinity), not away from zero
^(arr\.set|arr\.resize_grow|arr\.deleteat_out|arr\.deleteat_neg|arr\.sort_return|hash\.from_two_arrays_short|hash\.key_case|hash\.number_key|hash\.deleteat|type\.typename_nil|type\.typename_nothing_call|type\.str_nil|type\.isequalto_nil|ctl\.if_no_else|ctl\.count_return)$	274	a3-sqf: nil and Nothing: typeName/str nil, <null> array elements, if-without-else
^(str\.select_neg_start|arr\.set_neg|arr\.sort_strings_case|arr\.sort_mixed|arr\.sort_unicode|hash\.set_insert_only|hash\.keys_order|type\.eq_objnull|vec\.add_2d|bis\.sortalphabetically)$	275	a3-sqf: array/string/hashmap edge cases (sort order, select, set, vectorAdd, insert-only set, ...)
^(str\.format_percent|str\.format_double_percent|str\.lineBreak|str\.parsesimplearray_bad|type\.str_namespace|type\.str_uinamespace|type\.str_profilenamespace|type\.str_config_null|cfg\.inheritsfrom_root|cfg\.campaignconfigfile)$	276	a3-sqf: format %, lineBreak, parseSimpleArray errors, str of namespaces and configNull
^(cfg\.gettext_displayname|cfg\.gettext_number_entry|cfg\.getnumber_text_entry|cfg\.gettext_world_description|cfg\.configname_root|cfg\.hierarchy|cfg\.parents|cfg\.iskindof_config|cfg\.iskindof_config_case|cfg\.iskindof_config_cfgweapons|cfg\.iskindof_unknown|cfg\.configclasses_condition|cfg\.sourcemod|cfg\.sourceaddonlist|cfg\.gettext_cfgfactionclasses|cfg\.configfile_str_path|bis\.displayname|bis\.weaponcomponents)$	277	a3-gamedata: config commands: $STR localisation in getText, coercions, root name, entry paths
^(loc\.str_disp_ok|loc\.str_disp_cancel|loc\.dollar|loc\.islocalized|loc\.language|bis\.sidename|bis\.ordinal)$	278	a3-gamedata: localize misses core stringtable keys (STR_DISP_OK, STR_WEST), language missing
^(rnd\.seeded_basic|rnd\.seeded_same|rnd\.seeded_zero|rnd\.seeded_neg|rnd\.seeded_float_seed|rnd\.seeded_series|rnd\.seeded_big)$	279	a3-sqf: seeded random (seed random x) uses a different generator
^(ctl\.isnil_unscheduled)$	280	a3-sqf: isNil {code} runs its code scheduled inside a scheduled script
^(bis\.arrayshift|bis\.removedupes|bis\.trimstring|bis\.typetext|bis\.isinfrontof|bis\.nearestposition|bis\.encodeflags)$	281	a3-sqf: function library helpers fail (undefined _this, disableSerialization)
^(str\.keyname_letter|hash\.hashvalue_string|hash\.hashvalue_number|hash\.hashvalue_array|vec\.dir_to|vec\.dir_to_neg|vec\.distance2d_arrays|vec\.distance_arrays|vec\.distancesqr_arrays|vec\.getpos_relative|vec\.getpos_relative_45|vec\.inarea_circle|vec\.inarea_rect_rot|vec\.inpolygon|bis\.dirto|bis\.relpos|bis\.distance2d)$	282	a3-sqf: position math and other commands unimplemented in the script VM
^(wstr\.worldsize|wstr\.height_center|wstr\.height_agia_marina|wstr\.height_airfield|wstr\.height_mike26|wstr\.height_kamino|wstr\.height_girna|wstr\.height_hill|wstr\.height_fraction|wstr\.height_cell_corner|wstr\.height_cell_mid|wstr\.height_sea|wstr\.height_outside_neg|wstr\.height_outside_far|wstr\.height_3d_arg|wstr\.height_grid|wstr\.height_grid_fine|wstr\.water_sea|wstr\.water_land|wstr\.water_shore_grid|wstr\.surfacetype_land|wstr\.surfacetype_sea|wstr\.surfacetype_town|wstr\.surfacenormal|wstr\.asl_to_agl|wstr\.agl_to_asl|wstr\.atl_to_asl|wstr\.asl_to_atl|wstr\.getdir_between|wstr\.modeltoworld|wstr\.worldtomodel|wstr\.nearestbuilding|wstr\.lis_ground|wstr\.lis_ground_normal|wstr\.lis_count_town|wstr\.lis_sea|wstr\.terrainintersect|wstr\.terrainintersectasl|wstr\.lineintersects|wstr\.boundingbox_box|wstr\.sizeof|wstr\.date|wstr\.overcast|wstr\.fog|wstr\.sunormoon|wstr\.player_null|wvr\.worldsize|wvr\.height_center|wvr\.height_origin|wvr\.height_points|wvr\.water|wvr\.surfacetype|wvr\.create_two_none_collide|wvr\.lis_ground|wvr\.lis_box)$	283	a3-world: terrain queries unimplemented (getTerrainHeightASL, surfaceIsWater, lineIntersectsSurfaces, ...)
^(wstr\.create_box_atl|wstr\.create_box_asl|wstr\.create_box_getpos|wstr\.create_box_height_param|wstr\.create_box_none|wstr\.create_box_sea|wstr\.create_old_syntax|wstr\.create_car_atl|wstr\.create_car_dir_default|wstr\.setdir_wrap|wstr\.setdir_vectordir|wstr\.setposatl_getposasl|wstr\.setposasl_getposatl|wstr\.setpos_getpos|wstr\.createunit_east_in_west)$	284	a3-world: createVehicle / setPos placement differs (slope alignment, land contact, NONE search)
^(wstr\.nearestobjects_types|wstr\.nearestobjects_count|wstr\.nearestobjects_order_dist|wstr\.nearestobjects_2d|wstr\.nearobjects_count|wstr\.nearestterrainobjects_tree|wstr\.nearestterrainobjects_house|wstr\.nearestterrainobjects_all|wvr\.nearestobjects_tie)$	285	a3-world: nearestObjects / nearObjects / nearestTerrainObjects filters, counts and order
^(wstr\.worldname|wstr\.empty_vehicle_side|wstr\.allgroups_empty|wvr\.worldname|wvr\.group_formation)$	286	a3-world: side of units and empty vehicles, groups left after deleteGroup, worldName
