id	format_rva	item_count	items
0	0x21c5f20	2	string:2 variant:0
1	0x21c5f58	2	int:1 msgarr:0>0
2	0x21c5f90	5	int:1 int:1 vector:10 bool:0 msg:0>3/e2:1
3	0x21c5fc8	10	bool:0 int:2/e1:100 msgarr:0>159/e7:1 msgarr:0>158/e6:1 int:0/e1:100 float:0/e1:100 bool:0 netid:0/e1:100 netid:0/e1:100 msg:0>251/e2:1
4	0x21c6000	3	netid:0 netid:0 msg:0>3
5	0x21c6038	5	int:1 int:1 vector:10 bool:0 msg:0>6/e2:1
6	0x21c6070	9	bool:0 int:2/e1:100 msgarr:0>159/e7:1 msgarr:0>158/e6:1 int:0/e1:100 float:0/e1:100 bool:0 netid:0/e1:100 intarr:2/e1:100
7	0x21c60a8	3	netid:0 netid:0 msg:0>6
8	0x21c60e0	2	int:2/e1:100 optmsgarr:0>9/e10:1
9	0x21c6118	1	int:2/e1:100
10	0x21c6150	3	int:2/e1:100 bool:0/e1:100 vector:0/e2:10
11	0x21c6188	5	int:1 int:1 vector:10 bool:0 msg:0>12/e2:1
12	0x21c61c0	9	bool:0 int:2/e1:100 msgarr:0>159/e7:1 msgarr:0>158/e6:1 int:0/e1:100 float:0/e1:100 bool:0 netid:0/e1:100 intarr:2/e1:100
13	0x21c61f8	4	netid:0 netid:0 netid:0 msg:0>12
14	0x21c6230	12	int:0 string:0 bool:0 bool:0 int:0 bool:0 int64:0 bool:0 int:1 string:0 bool:0 int:0
15	0x21c6268	0	
16	0x21c62a0	1	int:1
17	0x21c62d8	1	int:1
18	0x21c6310	2	int:0 int:1
19	0x21c6348	30	int:0 int:0 int:0 int64:0 int64:0 int64:0 rawdata:0 string:0 string:0 string:0 string:0 float:0 string:0 int:0 string:0 string:0 string:0 string:0 int:1 int:0 int:0 int:0 bool:0 bool:0 string:0 bool:0 string:0 int:0 bool:0 intarr:1
20	0x21c6380	1	int:0
21	0x21c63b8	8	string:0 string:0 string:0 string:0 string:0 string:0 string:0 int:0
22	0x21c63f0	2	string:0 rawdata:13
23	0x21c6428	4	string:0 rawdata:0 int:1 int:1
24	0x21c6460	2	string:0 bool:0
25	0x21c6498	5	int:2 netid:0 netidarr:0 string:0 string:0
26	0x21c64d0	7	int:2 netid:0 netidarr:0 string:0 strfloatarr:0 string:0 stringarr:0
27	0x21c6508	5	int:2 netid:0 netidarr:0 string:0 string:0
28	0x21c6540	4	int:0 bool:0 int:1 int:1
29	0x21c6578	84	string:0 string:0 locstr:0 locstr:0 int64:0 string:0 string:0 int:0 int:0 int:0 int:1 int:1 float:0 float:0 float:0 float:0 float:0 int:1 float:0 float:0 float:0 int:1 float:0 float:0 float:0 int:1 floatarr:0 int:0 bool:0 string:0 bool:0 bool:0 bool:0 bool:0 bool:0 bool:0 int:1 int:1 int:1 int:1 int:1 int:1 int:1 int:1 bool:0 bool:0 bool:0 bool:0 bool:0 int:1 bool:0 bool:0 bool:0 bool:0 int:1 bool:0 bool:0 bool:0 int:0 stringarr:0 u32:0 locstr:0 floatarr:0 locstrarr:0 float:0 locstr:0 floatarr:0 locstrarr:0 float:0 floatarr:0 locstrarr:0 floatarr:0 locstrarr:0 floatarr:0 int:1 string:0 intarr:0 bool:0 string:0 string:0 bool:0 bool:0 int:1 int:0
30	0x21c65b0	13	int:1 int:1 int:1 int:1 int:1 string:0 intarr:1 bool:0 int:0 int:1 string:0 string:0 int:1
31	0x21c65e8	5	int:0 int:1 int:1 vector:0 bool:0
32	0x21c6620	2	netid:0 netid:0
33	0x21c6658	7	int:1 stringarr:0 rawdata:0 int:1 int:1 int:1 int:1
34	0x21c6690	1	bool:0
35	0x21c66c8	6	string:0 rawdata:0 int:1 int:1 int:1 int:1
36	0x21c6700	5	string:0 string:0 int64:0 string:0 string:0
37	0x21c6738	3	bool:0 string:0 string:0
38	0x21c6770	7	int:1 stringarr:0 rawdata:0 int:1 int:1 int:1 int:1
39	0x21c67a8	8	netid:0 netid:0 vector:0 float:0 float:0 string:2 string:2 vector:0
40	0x21c67e0	10	netid:0 float:0 bool:0 bool:0 bool:0 bool:0 netid:0 netid:0 netid:0 vector:0
41	0x21c6818	3	netid:0 float:4 int:0
42	0x21c6850	6	netid:0 netid:0 int:1 netid:0 int:1 bool:0
43	0x21c6888	6	netid:0 netid:0 int:1 netid:0 int:1 bool:0
44	0x21c68c0	3	netid:0 netid:0 vector:0
45	0x21c68f8	2	netid:0 netid:0
46	0x21c6930	5	netid:0 netid:0 netid:0 bool:0 bool:0
47	0x21c6968	2	netid:0 netid:0
48	0x21c69a0	5	netid:0 netid:0 int:1 netid:0 int:2
49	0x21c69d8	3	netid:0 netid:0 int:2
50	0x21c6a10	4	netid:0 netid:0 int:2 int:1
51	0x21c6a48	3	netid:0 vector:0 vector:0
52	0x21c6a80	2	netid:0 vector:0
53	0x21c6ab8	3	netid:0 vector:0 matrix:0
54	0x21c6af0	3	netid:0 netid:0 bool:0
55	0x21c6b28	4	netid:0 netidarr:0 bool:0 int:2
56	0x21c6b60	20	netid:0 netid:0 int:0 float:0 float:0 float:0 float:0 float:0 string:2 string:2 vector:0 vector:0 vector:0 vector:0 float:0 vector:0 bool:0 float:8 float:0 float:0
57	0x21c6b98	13	netid:0 netid:0 netid:0 vector:0 vector:0 int:2 int:1 int:1 int:1 int:1 string:2 float:0 netid:0
58	0x21c6bd0	4	netid:0 netid:0 netid:0 msg:0>252
59	0x21c6c08	3	netid:0 optmsg:0>159 bool:0
60	0x21c6c40	3	netid:0 string:2 bool:0
61	0x21c6c78	2	netid:0 optmsg:0>159
62	0x21c6cb0	2	netid:0 optmsg:0>159
63	0x21c6ce8	22	netid:0 string:2 int:1 int:0 int:0 int:0 string:2 int:1 int:0 string:2 int:1 int:0 string:2 int:1 int:0 string:2 int:1 int:0 string:2 optmsg:0>158 optmsg:0>158 netid:0
64	0x21c6d20	3	netid:0 int:1 int:0
65	0x21c6d58	4	netid:0 string:2 int:0 int:0
66	0x21c6d90	7	netid:0 string:2 int:1 int:0 netid:0 netid:0 netid:0
67	0x21c6dc8	10	netid:0 int:1 int:0 netid:0 optmsg:0>161 netid:0 optmsg:0>161 netid:0 optmsg:0>161 netidarr:0
68	0x21c6e00	4	netid:0 string:2 int:0 bool:0
69	0x21c6e38	4	netid:0 string:2 int:0 netid:0
70	0x21c6e70	2	netid:0 int:0
71	0x21c6ea8	6	netid:0 netid:0 int:1 int:0 netid:0 int:0
72	0x21c6ee0	6	netid:0 netid:0 string:2 int:0 netid:0 int:0
73	0x21c6f18	6	netid:0 netid:0 string:2 int:0 netid:0 int:0
74	0x21c6f50	5	netid:0 int:1 optmsg:0>158 int:0 int:0
75	0x21c6f88	2	netid:0 netid:0
76	0x21c6fc0	2	netid:0 netid:0
77	0x21c6ff8	3	netid:0 string:2 int:1
78	0x21c7030	2	netid:0 optmsg:0>158
79	0x21c7068	3	netid:0 string:2 int:1
80	0x21c70a0	2	netid:0 string:0
81	0x21c70d8	6	netid:0 netid:0 netid:0 bool:0 string:2 string:2
82	0x21c7110	1	netid:0
83	0x21c7148	1	netid:0
84	0x21c7180	1	netid:0
85	0x21c71b8	4	int:2 netid:0 netidarr:0 msg:0>248
86	0x21c71f0	2	string:0 netid:0
87	0x21c7228	3	string:0 vector:0 float:0
88	0x21c7260	2	msg:0>248 int:2
89	0x21c7298	2	netid:0 netid:0
90	0x21c72d0	2	netid:0 netid:0
91	0x21c7308	3	netid:0 netid:0 netid:0
92	0x21c7340	3	netid:0 netid:0 netid:0
93	0x21c7378	2	netid:0 vector:0
94	0x21c73b0	1	netid:0
95	0x21c73e8	4	netid:0 netid:0 int:1 bool:0
96	0x21c7420	3	netid:0 netid:0 int:2
97	0x21c7458	2	netid:0 float:0
98	0x21c7490	2	netid:0 float:0
99	0x21c74c8	2	netid:0 netid:0
100	0x21c7500	5	int:1 int:1 int:0 bool:0 int:0
101	0x21c7538	8	string:0 vector:0 vector:0 float:0 float:0 int:1 int:1 float:0
102	0x21c7570	2	int:1 int:1
103	0x21c75a8	3	int:1 int:1 netid:0
104	0x21c75e0	4	int:1 int:1 vector:10 bool:0
105	0x21c7618	6	int:1 int:1 vector:10 bool:0 bool:0 float:0
106	0x21c7650	17	int:1 int:1 vector:10 bool:0 int:1 string:2 string:0 vector:0 matrix:0 string:0 int:2 int:2 int:2 bool:0 netid:0 floatarr:0 int:0
107	0x21c7688	11	int:1 int:1 vector:10 bool:0 bool:0 float:0 int:1/e1:10000 float:0 vector:0/e2:1 netid:0/e1:10 int:0/e1:1
108	0x21c76c0	10	int:1 int:1 vector:10 bool:0 vector:0/e2:1 matrix:12/e2:1 vector:11/e9:0.1 vector:11/e9:0.1 int:1/e1:10 int:1
109	0x21c76f8	44	int:1 int:1 vector:10 bool:0 int:1 string:2 string:0 vector:0 matrix:0 string:0 int:2 int:2 int:2 bool:0 netid:0 floatarr:0 int:0 float:0 float:0 float:0 bool:0 int:0 float:0 float:0 float:0 bool:0 int:1 int:1 bool:0 float:0 float:0 float:0 float:0 bool:0 int:1 int:2 int:2 string:0 string:0 string:0 string:0 intarr:1 int:0 msg:0>250
110	0x21c7730	12	int:1 int:1 vector:10 bool:0 bool:0 float:0 int:1/e1:10000 float:0 vector:0/e2:1 netid:0/e1:10 int:0/e1:1 netid:0
111	0x21c7768	24	int:1 int:1 vector:10 bool:0 bool:0 float:0 int:1/e1:10000 float:0 vector:0/e2:1 netid:0/e1:10 int:0/e1:1 bool:0/e1:10 bool:0/e1:10 optmsg:0>211/e2:1 netid:0/e1:100 netidarr:0/e4:5000 string:2/e1:100 bool:0/e1:100 float:0/e1:100 int:1/e1:10000 netid:0/e1:100 netid:0/e1:100 string:0/e1:100 int:1/e1:100
112	0x21c77a0	13	int:1 int:1 vector:10 bool:0 string:2 netid:0 netid:0 float:0 vector:0 vector:0 matrix:12 string:2 string:2
113	0x21c77d8	11	int:1 int:1 vector:10 bool:0 bool:0 float:0 int:1/e1:10000 float:0 vector:0/e2:1 netid:0/e1:10 int:0/e1:1
114	0x21c7810	23	int:1 int:1 vector:10 bool:0 int:1 string:2 string:0 vector:0 matrix:0 string:0 int:2 int:2 int:2 bool:0 netid:0 floatarr:0 int:0 float:0 float:0 string:0 float:0 float:0 float:0
115	0x21c7848	26	int:1 int:1 vector:10 bool:0 int:1 string:2 string:0 vector:0 matrix:0 string:0 int:2 int:2 int:2 bool:0 netid:0 floatarr:0 int:0 float:0 float:0 string:0 float:0 float:0 float:0 netid:0 vector:0 vector:0
116	0x21c7880	19	int:1 int:1 vector:10 bool:0 int:1 string:2 string:0 vector:0 matrix:0 string:0 int:2 int:2 int:2 bool:0 netid:0 floatarr:0 int:0 netid:0 float:0
117	0x21c78b8	7	int:1 int:1 vector:10 bool:0 int:1 float:4 float:4
118	0x21c78f0	8	int:1 int:1 vector:10 bool:0 float:0/e1:10000 float:0/e1:10000 float:0/e1:10000 float:0/e1:10000
119	0x21c7928	10	int:1 int:1 vector:10 bool:0 netid:0 string:0 int:1 msgarr:0>122 int:2 bool:0
120	0x21c7960	18	int:1 int:1 vector:10 bool:0 netid:0/e1:10000 netid:0/e1:10000 int:1/e1:100 int:1/e1:100 int:1/e2:0.1 int:1/e2:0.1 float:6/e2:100 float:4/e2:100 bool:0/e1:100 int:1/e1:100 int:1/e1:100 bool:0/e1:100 msgarr:0>121 bool:0/e1:100
121	0x21c7998	1	int:1
122	0x21c79d0	29	vector:0 float:0 float:0 int:2 int:2 int:2 int:1 int:2 int:2 int:1 int:1 bool:2 float:0 float:0 float:0 string:0 string:0 string:0 string:0 int:1 intarr:1 msg:0>250 bool:0 int:1 int:1 string:0 float:0 int:1 float:0
123	0x21c7a08	5	int:1 int:1 vector:10 bool:0 netid:0
124	0x21c7a40	14	int:1 int:1 vector:10 bool:0 netid:0 netidarr:0/e5:10000 netid:0/e1:10000 int:1/e1:100 vector:0/e1:100 int:1/e1:100 int:1/e1:100 int:1 float:0 vector:0
125	0x21c7a78	21	int:1 int:1 vector:10 bool:0 netid:0 string:0 string:0 string:0 string:0 string:0 string:0 float:0 int:1 float:0 float:0 int:2 string:0 string:0 intarr:1 string:0 floatarr:0
126	0x21c7ab0	20	int:1 int:1 vector:10 bool:0 netid:0 float:0/e2:0.0001 float:4/e2:1 int:1/e1:10 int:1/e1:10 u32:0/e1:10 int:1/e1:10 int:1/e1:10 int:1/e1:10 int:1/e1:10 bool:0/e1:10 bool:0/e1:10 intarr:1/e1:10 netid:0/e1:1000 netidarr:0/e0:1000 msg:0>422/e2:1
127	0x21c7ae8	9	int:1 int:1 vector:10 bool:0 netid:0/e1:1 int:2/e1:1 vector:0/e1:0.01 int:1/e1:0.01 int:1/e1:10
128	0x21c7b20	23	int:1 int:1 vector:10 bool:0 netid:0 string:0 string:0 string:0 string:0 string:0 string:0 float:0 int:1 float:0 float:0 int:2 string:0 string:0 intarr:1 string:0 floatarr:0 netid:0 int:1
129	0x21c7b58	23	int:1 int:1 vector:10 bool:0 netid:0 float:0/e2:0.0001 float:4/e2:1 int:1/e1:10 int:1/e1:10 u32:0/e1:10 int:1/e1:10 int:1/e1:10 int:1/e1:10 int:1/e1:10 bool:0/e1:10 bool:0/e1:10 intarr:1/e1:10 netid:0/e1:1000 netidarr:0/e0:1000 msg:0>422/e2:1 float:9 vector:0 int:1/e1:10
130	0x21c7b90	9	int:1 int:1 vector:10 bool:0 netid:0/e1:1 int:2/e1:1 vector:0/e1:0.01 int:1/e1:0.01 int:1/e1:10
131	0x21c7bc8	21	int:1 int:1 vector:10 bool:0 netid:0 string:0 string:0 string:0 string:0 string:0 string:0 float:0 int:1 float:0 float:0 int:2 string:0 string:0 intarr:1 string:0 floatarr:0
132	0x21c7c00	20	int:1 int:1 vector:10 bool:0 netid:0 float:0/e2:0.0001 float:4/e2:1 int:1/e1:10 int:1/e1:10 u32:0/e1:10 int:1/e1:10 int:1/e1:10 int:1/e1:10 int:1/e1:10 bool:0/e1:10 bool:0/e1:10 intarr:1/e1:10 netid:0/e1:1000 netidarr:0/e0:1000 msg:0>422/e2:1
133	0x21c7c38	9	int:1 int:1 vector:10 bool:0 netid:0/e1:1 int:2/e1:1 vector:0/e1:0.01 int:1/e1:0.01 int:1/e1:10
134	0x21c7c70	19	int:1 int:1 vector:10 bool:0 netid:0 bool:0 int:1 netid:0 netid:0 vector:0 u32:0 netid:0 int:2 string:0 int:1 int:1 float:0 int:2 int:2
135	0x21c7ca8	5	int:1 int:1 vector:10 bool:0 vector:0/e2:1
136	0x21c7ce0	20	int:1 int:1 vector:10 bool:0 bool:0 float:0 int:1/e1:10000 float:0 vector:0/e2:1 netid:0/e1:10 int:0/e1:1 bool:0/e1:10 bool:0/e1:10 optmsg:0>211/e2:1 netid:0/e1:100 netidarr:0/e4:5000 string:2/e1:100 bool:0/e1:100 float:0/e1:100 int:1/e1:10000
137	0x21c7d18	23	int:1 int:1 vector:10 bool:0 bool:0 float:0 int:1/e1:10000 float:0 vector:0/e2:1 netid:0/e1:10 int:0/e1:1 bool:0/e1:10 bool:0/e1:10 optmsg:0>211/e2:1 netid:0/e1:100 netidarr:0/e4:5000 string:2/e1:100 bool:0/e1:100 float:0/e1:100 int:1/e1:10000 netid:0/e1:100 netid:0/e1:10000 int:1/e1:10000
138	0x21c7d50	28	int:1 int:1 vector:10 bool:0 bool:0 float:0 int:1/e1:10000 float:0 vector:0/e2:1 netid:0/e1:10 int:0/e1:1 bool:0/e1:10 bool:0/e1:10 optmsg:0>211/e2:1 netid:0/e1:100 netidarr:0/e4:5000 string:2/e1:100 bool:0/e1:100 float:0/e1:100 int:1/e1:10000 netid:0/e1:100 netid:0/e1:10000 int:1/e1:10000 int:0/e1:1e+10 bool:0/e1:100 bool:0/e1:100 bool:0/e1:100 bool:0/e1:100
139	0x21c7d88	65	int:1 int:1 vector:10 bool:0 bool:0 float:0 int:1/e1:10000 float:0 vector:0/e2:1 netid:0/e1:10 int:0/e1:1 bool:0/e1:10 bool:0/e1:10 optmsg:0>211/e2:1 netid:0/e1:100 netidarr:0/e4:5000 string:2/e1:100 bool:0/e1:100 float:0/e1:100 int:1/e1:10000 netid:0/e1:100 netid:0/e1:10000 int:1/e1:10000 netid:0/e1:10000 netid:0/e1:10000 netidarr:0/e4:5000 boolarr:2/e1:50 netid:0/e1:100 int:2/e1:100 float:4/e1:10 float:0/e2:0.1 float:0/e2:0.1 int:2/e1:100 bool:0/e1:100 bool:0/e1:100 bool:0/e1:100 bool:0/e1:100 netid:0/e1:100 float:0/e2:10 int:0/e1:100 int:1/e1:100 int:0/e1:100 bool:0/e1:100 bool:0/e1:100 bool:0/e1:100 bool:0/e1:100 netid:0/e1:10000 boolarr:2/e1:100 bool:0/e1:100 bool:0/e1:100 bool:0/e1:100 bool:0/e1:100 boolarr:2/e1:10 int:2/e1:100 netidarr:0/e4:10 int:0/e1:100 string:0/e1:10 int:0/e1:100 bool:0/e1:100 bool:0/e1:100 bool:0/e1:100 bool:0/e1:100 string:0/e1:10 msgarr:0>8/e10:1 netidarr:0/e4:10
140	0x21c7dc0	33	int:1 int:1 vector:10 bool:0 bool:0 float:0 int:1/e1:10000 float:0 vector:0/e2:1 netid:0/e1:10 int:0/e1:1 bool:0/e1:10 bool:0/e1:10 optmsg:0>211/e2:1 netid:0/e1:100 netidarr:0/e4:5000 string:2/e1:100 bool:0/e1:100 float:0/e1:100 int:1/e1:10000 netid:0/e1:100 netid:0/e1:10000 int:1/e1:10000 int:0/e1:1e+10 bool:0/e1:100 bool:0/e1:100 bool:0/e1:100 bool:0/e1:100 float:0 float:0 int:1 int:1 netid:0/e1:100
141	0x21c7df8	17	int:1 int:1 vector:10 bool:0 vector:0/e2:1 matrix:12/e2:1 vector:11/e9:0.1 vector:11/e9:0.1 int:1/e1:10 int:1 float:7/e2:0.1 float:7/e2:0.1 float:7/e2:0.1 float:7/e2:0.1 float:7/e2:0.1 float:7/e2:0.1 string:3/e1:100
142	0x21c7e30	46	int:1 int:1 vector:10 bool:0 bool:0 float:0 int:1/e1:10000 float:0 vector:0/e2:1 netid:0/e1:10 int:0/e1:1 bool:0/e1:10 bool:0/e1:10 optmsg:0>211/e2:1 netid:0/e1:100 netidarr:0/e4:5000 string:2/e1:100 bool:0/e1:100 float:0/e1:100 int:1/e1:10000 netid:0/e1:100 netid:0/e1:10000 int:1/e1:10000 int:0/e1:1e+10 bool:0/e1:100 bool:0/e1:100 bool:0/e1:100 bool:0/e1:100 float:4/e2:0.1 float:4 float:0 float:0 int:1 int:1 netid:0/e1:100 bool:0/e1:10 netid:0/e1:100 int:2/e1:10 float:4/e2:10 bool:0/e1:10 bool:0/e1:10 netid:0/e1:100 int:1/e1:100 bool:0/e1:100 netid:0/e1:100 netid:0/e1:100
143	0x21c7e68	21	int:1 int:1 vector:10 bool:0 vector:0/e2:1 matrix:12/e2:1 vector:11/e9:0.1 vector:11/e9:0.1 int:1/e1:10 int:1 float:7/e2:0.1 float:7/e2:0.1 float:7/e2:0.1 float:7/e2:0.1 float:7/e2:0.1 float:7/e2:0.1 string:3/e1:100 string:3/e1:100 bool:0/e1:100 bool:0/e1:100 bool:0/e1:100
144	0x21c7ea0	65	int:1 int:1 vector:10 bool:0 bool:0 float:0 int:1/e1:10000 float:0 vector:0/e2:1 netid:0/e1:10 int:0/e1:1 bool:0/e1:10 bool:0/e1:10 optmsg:0>211/e2:1 netid:0/e1:100 netidarr:0/e4:5000 string:2/e1:100 bool:0/e1:100 float:0/e1:100 int:1/e1:10000 netid:0/e1:100 netid:0/e1:10000 int:1/e1:10000 netid:0/e1:10000 netid:0/e1:10000 netidarr:0/e4:5000 boolarr:2/e1:50 netid:0/e1:100 int:2/e1:100 float:4/e1:10 float:0/e2:0.1 float:0/e2:0.1 int:2/e1:100 bool:0/e1:100 bool:0/e1:100 bool:0/e1:100 bool:0/e1:100 netid:0/e1:100 float:0/e2:10 int:0/e1:100 int:1/e1:100 int:0/e1:100 bool:0/e1:100 bool:0/e1:100 bool:0/e1:100 bool:0/e1:100 netid:0/e1:10000 boolarr:2/e1:100 bool:0/e1:100 bool:0/e1:100 bool:0/e1:100 bool:0/e1:100 boolarr:2/e1:10 int:2/e1:100 netidarr:0/e4:10 int:0/e1:100 string:0/e1:10 int:0/e1:100 bool:0/e1:100 bool:0/e1:100 bool:0/e1:100 bool:0/e1:100 string:0/e1:10 msgarr:0>8/e10:1 netidarr:0/e4:10
145	0x21c7ed8	65	int:1 int:1 vector:10 bool:0 bool:0 float:0 int:1/e1:10000 float:0 vector:0/e2:1 netid:0/e1:10 int:0/e1:1 bool:0/e1:10 bool:0/e1:10 optmsg:0>211/e2:1 netid:0/e1:100 netidarr:0/e4:5000 string:2/e1:100 bool:0/e1:100 float:0/e1:100 int:1/e1:10000 netid:0/e1:100 netid:0/e1:10000 int:1/e1:10000 netid:0/e1:10000 netid:0/e1:10000 netidarr:0/e4:5000 boolarr:2/e1:50 netid:0/e1:100 int:2/e1:100 float:4/e1:10 float:0/e2:0.1 float:0/e2:0.1 int:2/e1:100 bool:0/e1:100 bool:0/e1:100 bool:0/e1:100 bool:0/e1:100 netid:0/e1:100 float:0/e2:10 int:0/e1:100 int:1/e1:100 int:0/e1:100 bool:0/e1:100 bool:0/e1:100 bool:0/e1:100 bool:0/e1:100 netid:0/e1:10000 boolarr:2/e1:100 bool:0/e1:100 bool:0/e1:100 bool:0/e1:100 bool:0/e1:100 boolarr:2/e1:10 int:2/e1:100 netidarr:0/e4:10 int:0/e1:100 string:0/e1:10 int:0/e1:100 bool:0/e1:100 bool:0/e1:100 bool:0/e1:100 bool:0/e1:100 string:0/e1:10 msgarr:0>8/e10:1 netidarr:0/e4:10
146	0x21c7f10	15	int:1 int:1 vector:10 bool:0 vector:0/e2:1 matrix:12/e2:1 vector:11/e9:0.1 vector:11/e9:0.1 int:1/e1:10 int:1 bool:0/e1:100 float:8/e2:100 float:5/e2:10 float:6/e2:10 float:6/e2:10
147	0x21c7f48	16	int:1 int:1 vector:10 bool:0 netid:0/e1:10000 netid:0/e1:10000 bool:0/e1:100 float:4/e1:10 byte:0/e1:10 float:9/e2:10 float:9/e2:10 float:9/e2:10 float:9/e2:10 bool:0/e1:10 int:2/e1:10 netid:0/e1:100
148	0x21c7f80	66	int:1 int:1 vector:10 bool:0 bool:0 float:0 int:1/e1:10000 float:0 vector:0/e2:1 netid:0/e1:10 int:0/e1:1 bool:0/e1:10 bool:0/e1:10 optmsg:0>211/e2:1 netid:0/e1:100 netidarr:0/e4:5000 string:2/e1:100 bool:0/e1:100 float:0/e1:100 int:1/e1:10000 netid:0/e1:100 netid:0/e1:10000 int:1/e1:10000 netid:0/e1:10000 netid:0/e1:10000 netidarr:0/e4:5000 boolarr:2/e1:50 netid:0/e1:100 int:2/e1:100 float:4/e1:10 float:0/e2:0.1 float:0/e2:0.1 int:2/e1:100 bool:0/e1:100 bool:0/e1:100 bool:0/e1:100 bool:0/e1:100 netid:0/e1:100 float:0/e2:10 int:0/e1:100 int:1/e1:100 int:0/e1:100 bool:0/e1:100 bool:0/e1:100 bool:0/e1:100 bool:0/e1:100 netid:0/e1:10000 boolarr:2/e1:100 bool:0/e1:100 bool:0/e1:100 bool:0/e1:100 bool:0/e1:100 boolarr:2/e1:10 int:2/e1:100 netidarr:0/e4:10 int:0/e1:100 string:0/e1:10 int:0/e1:100 bool:0/e1:100 bool:0/e1:100 bool:0/e1:100 bool:0/e1:100 string:0/e1:10 msgarr:0>8/e10:1 netidarr:0/e4:10 float:0/e2:10
149	0x21c7fb8	16	int:1 int:1 vector:10 bool:0 vector:0/e2:1 matrix:12/e2:1 vector:11/e9:0.1 vector:11/e9:0.1 int:1/e1:10 int:1 bool:0/e1:100 float:8/e2:100 float:5/e2:0.1 float:6/e2:10 float:6/e2:10 bool:0/e1:100
150	0x21c7ff0	74	int:1 int:1 vector:10 bool:0 bool:0 float:0 int:1/e1:10000 float:0 vector:0/e2:1 netid:0/e1:10 int:0/e1:1 bool:0/e1:10 bool:0/e1:10 optmsg:0>211/e2:1 netid:0/e1:100 netidarr:0/e4:5000 string:2/e1:100 bool:0/e1:100 float:0/e1:100 int:1/e1:10000 netid:0/e1:100 netid:0/e1:10000 int:1/e1:10000 netid:0/e1:10000 netid:0/e1:10000 netidarr:0/e4:5000 boolarr:2/e1:50 netid:0/e1:100 int:2/e1:100 float:4/e1:10 float:0/e2:0.1 float:0/e2:0.1 int:2/e1:100 bool:0/e1:100 bool:0/e1:100 bool:0/e1:100 bool:0/e1:100 netid:0/e1:100 float:0/e2:10 int:0/e1:100 int:1/e1:100 int:0/e1:100 bool:0/e1:100 bool:0/e1:100 bool:0/e1:100 bool:0/e1:100 netid:0/e1:10000 boolarr:2/e1:100 bool:0/e1:100 bool:0/e1:100 bool:0/e1:100 bool:0/e1:100 boolarr:2/e1:10 int:2/e1:100 netidarr:0/e4:10 int:0/e1:100 string:0/e1:10 int:0/e1:100 bool:0/e1:100 bool:0/e1:100 bool:0/e1:100 bool:0/e1:100 string:0/e1:10 msgarr:0>8/e10:1 netidarr:0/e4:10 int:1/e2:100 bool:0/e1:100 bool:0/e1:100 bool:0/e1:100 int:1/e1:100 int:1/e1:100 int:1/e1:100 vector:0/e2:0.1 bool:0/e1:100
151	0x21c8028	17	int:1 int:1 vector:10 bool:0 vector:0/e2:1 matrix:12/e2:1 vector:11/e9:0.1 vector:11/e9:0.1 int:1/e1:10 int:1 float:4/e2:10 float:4/e2:10 float:6/e2:10 float:6/e2:10 float:6/e2:10 float:4/e2:10 float:0/e2:10
152	0x21c8060	80	int:1 int:1 vector:10 bool:0 bool:0 float:0 int:1/e1:10000 float:0 vector:0/e2:1 netid:0/e1:10 int:0/e1:1 bool:0/e1:10 bool:0/e1:10 optmsg:0>211/e2:1 netid:0/e1:100 netidarr:0/e4:5000 string:2/e1:100 bool:0/e1:100 float:0/e1:100 int:1/e1:10000 netid:0/e1:100 netid:0/e1:10000 int:1/e1:10000 netid:0/e1:10000 netid:0/e1:10000 netidarr:0/e4:5000 boolarr:2/e1:50 netid:0/e1:100 int:2/e1:100 float:4/e1:10 float:0/e2:0.1 float:0/e2:0.1 int:2/e1:100 bool:0/e1:100 bool:0/e1:100 bool:0/e1:100 bool:0/e1:100 netid:0/e1:100 float:0/e2:10 int:0/e1:100 int:1/e1:100 int:0/e1:100 bool:0/e1:100 bool:0/e1:100 bool:0/e1:100 bool:0/e1:100 netid:0/e1:10000 boolarr:2/e1:100 bool:0/e1:100 bool:0/e1:100 bool:0/e1:100 bool:0/e1:100 boolarr:2/e1:10 int:2/e1:100 netidarr:0/e4:10 int:0/e1:100 string:0/e1:10 int:0/e1:100 bool:0/e1:100 bool:0/e1:100 bool:0/e1:100 bool:0/e1:100 string:0/e1:10 msgarr:0>8/e10:1 netidarr:0/e4:10 float:4/e2:10 int:1/e1:100 float:0/e2:10 int:1/e1:100 int:1/e1:100 vector:0/e2:0.1 bool:0/e1:10 bool:0/e1:10 bool:0/e1:10 bool:0/e1:100 bool:0/e1:100 int:1/e1:100 netid:0/e1:100 vector:0/e2:10 netidarr:0/e4:100
153	0x21c8098	20	int:1 int:1 vector:10 bool:0 vector:0/e2:1 matrix:12/e2:1 vector:11/e9:0.1 vector:11/e9:0.1 int:1/e1:10 int:1 float:6/e2:10 float:6/e2:10 float:6/e2:10 float:6/e2:10 float:6/e2:10 float:6/e2:10 float:6/e2:10 float:9/e2:10 float:6/e2:10 vector:0/e2:1
154	0x21c80d0	66	int:1 int:1 vector:10 bool:0 bool:0 float:0 int:1/e1:10000 float:0 vector:0/e2:1 netid:0/e1:10 int:0/e1:1 bool:0/e1:10 bool:0/e1:10 optmsg:0>211/e2:1 netid:0/e1:100 netidarr:0/e4:5000 string:2/e1:100 bool:0/e1:100 float:0/e1:100 int:1/e1:10000 netid:0/e1:100 netid:0/e1:10000 int:1/e1:10000 netid:0/e1:10000 netid:0/e1:10000 netidarr:0/e4:5000 boolarr:2/e1:50 netid:0/e1:100 int:2/e1:100 float:4/e1:10 float:0/e2:0.1 float:0/e2:0.1 int:2/e1:100 bool:0/e1:100 bool:0/e1:100 bool:0/e1:100 bool:0/e1:100 netid:0/e1:100 float:0/e2:10 int:0/e1:100 int:1/e1:100 int:0/e1:100 bool:0/e1:100 bool:0/e1:100 bool:0/e1:100 bool:0/e1:100 netid:0/e1:10000 boolarr:2/e1:100 bool:0/e1:100 bool:0/e1:100 bool:0/e1:100 bool:0/e1:100 boolarr:2/e1:10 int:2/e1:100 netidarr:0/e4:10 int:0/e1:100 string:0/e1:10 int:0/e1:100 bool:0/e1:100 bool:0/e1:100 bool:0/e1:100 bool:0/e1:100 string:0/e1:10 msgarr:0>8/e10:1 netidarr:0/e4:10 float:9/e2:1
155	0x21c8108	67	int:1 int:1 vector:10 bool:0 bool:0 float:0 int:1/e1:10000 float:0 vector:0/e2:1 netid:0/e1:10 int:0/e1:1 bool:0/e1:10 bool:0/e1:10 optmsg:0>211/e2:1 netid:0/e1:100 netidarr:0/e4:5000 string:2/e1:100 bool:0/e1:100 float:0/e1:100 int:1/e1:10000 netid:0/e1:100 netid:0/e1:10000 int:1/e1:10000 netid:0/e1:10000 netid:0/e1:10000 netidarr:0/e4:5000 boolarr:2/e1:50 netid:0/e1:100 int:2/e1:100 float:4/e1:10 float:0/e2:0.1 float:0/e2:0.1 int:2/e1:100 bool:0/e1:100 bool:0/e1:100 bool:0/e1:100 bool:0/e1:100 netid:0/e1:100 float:0/e2:10 int:0/e1:100 int:1/e1:100 int:0/e1:100 bool:0/e1:100 bool:0/e1:100 bool:0/e1:100 bool:0/e1:100 netid:0/e1:10000 boolarr:2/e1:100 bool:0/e1:100 bool:0/e1:100 bool:0/e1:100 bool:0/e1:100 boolarr:2/e1:10 int:2/e1:100 netidarr:0/e4:10 int:0/e1:100 string:0/e1:10 int:0/e1:100 bool:0/e1:100 bool:0/e1:100 bool:0/e1:100 bool:0/e1:100 string:0/e1:10 msgarr:0>8/e10:1 netidarr:0/e4:10 float:6/e2:10 float:6/e2:10
156	0x21c8140	70	int:1 int:1 vector:10 bool:0 bool:0 float:0 int:1/e1:10000 float:0 vector:0/e2:1 netid:0/e1:10 int:0/e1:1 bool:0/e1:10 bool:0/e1:10 optmsg:0>211/e2:1 netid:0/e1:100 netidarr:0/e4:5000 string:2/e1:100 bool:0/e1:100 float:0/e1:100 int:1/e1:10000 netid:0/e1:100 netid:0/e1:10000 int:1/e1:10000 netid:0/e1:10000 netid:0/e1:10000 netidarr:0/e4:5000 boolarr:2/e1:50 netid:0/e1:100 int:2/e1:100 float:4/e1:10 float:0/e2:0.1 float:0/e2:0.1 int:2/e1:100 bool:0/e1:100 bool:0/e1:100 bool:0/e1:100 bool:0/e1:100 netid:0/e1:100 float:0/e2:10 int:0/e1:100 int:1/e1:100 int:0/e1:100 bool:0/e1:100 bool:0/e1:100 bool:0/e1:100 bool:0/e1:100 netid:0/e1:10000 boolarr:2/e1:100 bool:0/e1:100 bool:0/e1:100 bool:0/e1:100 bool:0/e1:100 boolarr:2/e1:10 int:2/e1:100 netidarr:0/e4:10 int:0/e1:100 string:0/e1:10 int:0/e1:100 bool:0/e1:100 bool:0/e1:100 bool:0/e1:100 bool:0/e1:100 string:0/e1:10 msgarr:0>8/e10:1 netidarr:0/e4:10 float:6 float:6 vector:0 int:1 float:0/e2:10
157	0x21c8178	13	int:1 int:1 vector:10 bool:0 vector:0/e2:1 matrix:12/e2:1 vector:11/e9:0.1 vector:11/e9:0.1 int:1/e1:10 int:1 bool:0/e1:100 float:8/e2:100 float:5/e2:10
158	0x21c81b0	9	string:2 int:1 float:4 float:8 float:0 float:0 int:1 int:1 int:2
159	0x21c81e8	18	string:2 int:2 int:2 string:2 int:2 int:2 string:2 int:2 int:2 string:2 int:2 int:2 string:2 int:2 int:2 string:2 optmsg:0>158 optmsg:0>158
160	0x21c8220	3	string:2 string:2 optmsg:0>158
161	0x21c8258	8	bool:0 string:2 bool:0 msgarr:0>162 intarr:1 msgarr:0>163 msgarr:0>164 msgarr:0>161
162	0x21c8290	2	string:2 int:0
163	0x21c82c8	2	string:2 int:0
164	0x21c8300	9	string:2 int:0 string:2 string:2 string:2 string:2 string:2 msg:0>162 msg:0>162
165	0x21c8338	15	optmsg:0>164 optmsg:0>164 optmsg:0>164 optmsg:0>164 string:2 string:2 string:2 string:2 string:2 string:2 string:2 string:2 optmsg:0>161 optmsg:0>161 optmsg:0>161
166	0x21c8370	2	vector:0 float:0
167	0x21c83a8	67	int:1 int:1 vector:10 bool:0 bool:0 float:0 int:1/e1:10000 float:0 vector:0/e2:1 netid:0/e1:10 int:0/e1:1 bool:0/e1:10 bool:0/e1:10 optmsg:0>211/e2:1 netid:0/e1:100 netidarr:0/e4:5000 string:2/e1:100 bool:0/e1:100 float:0/e1:100 int:1/e1:10000 netid:0/e1:100 netid:0/e1:10000 int:1/e1:10000 netid:0/e1:10000 netid:0/e1:10000 netidarr:0/e4:5000 boolarr:2/e1:50 netid:0/e1:100 int:2/e1:100 float:4/e1:10 float:0/e2:0.1 float:0/e2:0.1 int:2/e1:100 bool:0/e1:100 bool:0/e1:100 bool:0/e1:100 bool:0/e1:100 netid:0/e1:100 float:0/e2:10 int:0/e1:100 int:1/e1:100 int:0/e1:100 bool:0/e1:100 bool:0/e1:100 bool:0/e1:100 bool:0/e1:100 netid:0/e1:10000 boolarr:2/e1:100 bool:0/e1:100 bool:0/e1:100 bool:0/e1:100 bool:0/e1:100 boolarr:2/e1:10 int:2/e1:100 netidarr:0/e4:10 int:0/e1:100 string:0/e1:10 int:0/e1:100 bool:0/e1:100 bool:0/e1:100 bool:0/e1:100 bool:0/e1:100 string:0/e1:10 msgarr:0>8/e10:1 netidarr:0/e4:10 float:6/e2:10 float:6/e2:10
168	0x21c83e0	1	rawdata:0
169	0x21c8418	1	rawdata:0
170	0x21c8450	1	rawdata:0
171	0x21c8488	1	rawdata:0
172	0x21c84c0	12	int:1 int:1 vector:10 bool:0 vector:0/e2:1 matrix:12/e2:1 vector:11/e9:0.1 vector:11/e9:0.1 int:1/e1:10 int:1 bool:0/e1:100 float:8/e2:100
173	0x21c84f8	1	netid:0
174	0x21c8530	2	int:1 rawdata:0
175	0x21c8568	5	int:1 int:1 string:0 int:1 int:1
176	0x21c85a0	3	int:1 int:1 int:0
177	0x21c85d8	15	int:1 int:1 vector:10 bool:0 bool:0 float:0 int:1/e1:10000 float:0 vector:0/e2:1 netid:0/e1:10 int:0/e1:1 vector:0/e2:1 float:0/e2:10 float:0/e2:10 int:1/e1:100
178	0x21c8610	16	int:1 int:1 vector:10 bool:0 vector:0/e2:1 matrix:12/e2:1 vector:11/e9:0.1 vector:11/e9:0.1 int:1/e1:10 int:1 float:5/e2:10 float:0/e2:10 float:6/e2:10 float:6/e2:10 float:6/e2:10 float:6/e2:10
179	0x21c8648	11	int:0 int:1/e2:0.1 int:1/e2:10 int:1/e2:0.1 int:1/e2:0.1 int:1/e2:0.1 int:1/e2:0.1 int:1/e2:10 int:1/e2:10 bool:0/e1:10 int:1/e2:10
180	0x21c8680	9	int:1 int:1 vector:10 bool:0 bool:0/e1:10000 bool:0/e1:10000 float:0/e2:100 floatarr:0/e2:10000 bool:0/e1:10000
181	0x21c86b8	7	int:1 int:1 vector:10 bool:0 bool:0/e1:10000 bool:0/e1:10000 float:0/e2:100
182	0x21c86f0	18	int:1 int:1 vector:10 bool:0 int:1 string:2 string:0 vector:0 matrix:0 string:0 int:2 int:2 int:2 bool:0 netid:0 floatarr:0 int:0 float:4
183	0x21c8728	7	int:1 int:1 vector:10 bool:0 vector:10/e2:1 vector:4/e2:1 float:8/e2:1
184	0x21c8760	2	netid:0 netid:0
185	0x21c8798	3	netid:0 netid:0 vector:0
186	0x21c87d0	3	netid:0 int:0 bool:0
187	0x21c8808	2	netid:0 bool:0
188	0x21c8840	6	netid:0 string:0 vector:0 string:0 float:0 int:0
189	0x21c8878	1	netid:0
190	0x21c88b0	3	netid:0 netid:0 int:1
191	0x21c88e8	4	netid:0 netid:0 netid:0 int:0
192	0x21c8920	4	netid:0 netid:0 netid:0 int:0
193	0x21c8958	4	float:0 float:0 floatarr:0 bool:0
194	0x21c8990	13	int:1 int:1 vector:10 bool:0 bool:0 float:0 int:1/e1:10000 float:0 vector:0/e2:1 netid:0/e1:10 int:0/e1:1 bool:0/e1:100 float:0/e1:1
195	0x21c89c8	2	netid:0 bool:0
196	0x21c8a00	3	netid:0 netid:0 bool:0
197	0x21c8a38	3	netid:0 u32:0 u32:0
198	0x21c8a70	4	netid:0 netid:0 float:0 string:2
199	0x21c8aa8	21	int:1 int:1 vector:10 bool:0 bool:0 float:0 int:1/e1:10000 float:0 vector:0/e2:1 netid:0/e1:10 int:0/e1:1 bool:0/e1:10 bool:0/e1:10 optmsg:0>211/e2:1 netid:0/e1:100 netidarr:0/e4:5000 string:2/e1:100 bool:0/e1:100 float:0/e1:100 int:1/e1:10000 bool:0/e1:100
200	0x21c8ae0	2	netid:0 bool:0
201	0x21c8b18	5	netid:0 string:0 float:0 bool:0 float:0
202	0x21c8b50	5	netid:0 netid:0 netid:0 netid:0 netid:0
203	0x21c8b88	3	netid:0 netid:0 int:0
204	0x21c8bc0	3	netid:0 netid:0 int:1
205	0x21c8bf8	3	netid:0 netid:0 netid:0
206	0x21c8c30	3	netid:0 netid:0 bool:0
207	0x21c8c68	1	netid:0
208	0x21c8ca0	4	int:0 int:0 netid:0 netid:0
209	0x21c8cd8	8	int:1 int:1 vector:10 bool:0 int:0 int:0 string:0 int:1
210	0x21c8d10	12	int:1 int:1 vector:10 bool:0 int:1/e2:100 int:1/e2:200 int:1/e2:300 int:1/e2:500 int:1 int:1/e2:100 int:1/e2:100 int:1/e2:100
211	0x21c8d48	12	float:0/e2:0.001 float:0/e2:0.001 float:0/e2:0.001 int:1/e1:100 int:1/e1:100 netid:0/e1:100 netid:0/e1:100 netid:0/e1:100 netid:0/e1:100 netid:0/e1:100 int:1/e1:100 bool:0/e1:100
212	0x21c8d80	16	int:1 int:1 vector:10 bool:0 vector:0 vector:0 float:4 float:4 float:4 float:6 float:0 float:4 float:4 float:0 float:0 int:0
213	0x21c8db8	16	int:1 int:1 vector:10 bool:0 vector:0/e2:1 vector:0/e2:1 float:4/e2:1 float:4/e2:1 float:4/e2:1 float:6/e2:1 float:0/e2:1 float:4/e2:1 float:4/e2:1 float:0/e2:1 float:0/e2:1 int:0/e2:0.0001
214	0x21c8df0	1	arr22:0
215	0x21c8e28	2	int:0 bool:0
216	0x21c8e60	3	int:0 int:1 int:1
217	0x21c8e98	3	netid:0 netid:0 int:1
218	0x21c8ed0	3	netid:0 netid:0 int:1
219	0x21c8f08	9	netid:0 netid:0 int:1 int:0 int:0 int:0 netid:0 int:1 int:1
220	0x21c8f40	5	netid:0 netid:0 optmsg:0>159 int:1 int:1
221	0x21c8f78	4	netid:0 netid:0 string:2 int:1
222	0x21c8fb0	3	netid:0 netid:0 string:2
223	0x21c8fe8	5	netid:0 netid:0 int:0 int:1 int:1
224	0x21c9020	4	netid:0 netid:0 int:1 int:0
225	0x21c9058	4	netid:0 netid:0 optmsg:0>159 int:1
226	0x21c9090	5	netid:0 netid:0 msg:0>158 bool:0 int:1
227	0x21c90c8	3	netid:0 netid:0 netid:0
228	0x21c9100	2	netid:0 string:2
229	0x21c9138	2	netid:0 msg:0>158
230	0x21c9170	2	netid:0 netid:0
231	0x21c91a8	1	netid:0
232	0x21c91e0	5	int:1 int:1 string:2 int:1 bool:0
233	0x21c9218	5	int:1 int:1 string:2 int:1 bool:0
234	0x21c9250	3	int:1 int:1 string:2
235	0x21c9288	5	int:1 int:1 string:2 int:1 bool:0
236	0x21c92c0	5	int:1 int:1 msg:0>158 int:1 bool:0
237	0x21c92f8	5	int:1 int:1 int:1 int:1 string:0
238	0x21c9330	1	string:2
239	0x21c9368	1	msg:0>158
240	0x21c93a0	3	int:1 int:1 string:0
241	0x21c93d8	2	netid:0 string:2
242	0x21c9410	2	netid:0 optmsg:0>165
243	0x21c9448	4	netid:0 stringarr:2 msgarr:0>158 netid:0
244	0x21c9480	13	string:2 string:2 string:2 string:2 string:2 string:2 string:2 string:2 string:2 netid:0 string:2 netid:0 netid:0
245	0x21c94b8	1	stringarr:2
246	0x21c94f0	1	msgarr:0>158
247	0x21c9528	2	intarr:1 intarr:1
248	0x21c9560	16	vector:0 string:0 string:0 floatarr:0 int:1 string:0 string:0 float:4 string:0 float:0 float:0 float:0 bool:0 byte:0 netid:0 int:1
249	0x21c9598	1	vector:0
250	0x21c95d0	9	string:0 string:0 string:0 string:0 string:0 string:0 int:1 int:1 string:0
251	0x21c9608	28	string:2/e1:100 int:2/e1:100 int:2/e1:100 string:2/e1:100 int:2/e1:100 int:2/e1:100 string:2/e1:100 int:2/e1:100 int:2/e1:100 string:2/e1:100 int:2/e1:100 int:2/e1:100 string:2/e1:100 int:2/e1:100 int:2/e1:100 string:2/e1:100 int:2/e1:100 int:2/e1:100 string:2/e1:100 int:2/e1:100 int:2/e1:100 string:2/e1:100 int:2/e1:100 int:2/e1:100 string:2/e1:100 netid:0/e1:100 string:2/e1:100 netid:0/e1:100
252	0x21c9640	8	bool:0 int:2/e1:100 msgarr:0>159/e7:1 msgarr:0>158/e6:1 int:0/e1:100 float:0/e1:100 bool:0 netid:0/e1:100
253	0x21c9678	2	netid:0 int:1
254	0x21c96b0	18	int:1 int:1 vector:10 bool:0 int:1 string:2 string:0 vector:0 matrix:0 string:0 int:2 int:2 int:2 bool:0 netid:0 floatarr:0 int:0 int:0
255	0x21c96e8	6	netid:0 netid:0 int:1 int:2 string:0 string:0
256	0x21c9720	3	netid:0 netid:0 netid:0
257	0x21c9758	3	netid:0 netid:0 vector:0
258	0x21c9790	3	int:0 netid:0 netid:0
259	0x21c97c8	18	int:1 int:1 vector:10 bool:0 int:1 string:2 string:0 vector:0 matrix:0 string:0 int:2 int:2 int:2 bool:0 netid:0 floatarr:0 int:0 string:0
260	0x21c9800	25	int:1 int:1 vector:10 bool:0 int:1 string:2 string:0 vector:0 matrix:0 string:0 int:2 int:2 int:2 bool:0 netid:0 floatarr:0 int:0 netid:0 netid:0 float:0 float:0 float:0 float:0 float:0 float:0
261	0x21c9838	1	intarr:0
262	0x21c9870	11	netid:0 netid:0 netid:0 netid:0 string:2 string:2 float:0 floatarr:0 vector:0 bool:0 bool:0
263	0x21c98a8	3	netid:0 floatarr:0 float:0
264	0x21c98e0	5	netid:0 netid:0 float:0 int:1 float:0
265	0x21c9918	4	int:2 arr16:0 int:2 arr16:0
266	0x21c9950	6	int:2 netid:0 netidarr:0 string:0 locstrarr:0 int:1
267	0x21c9988	6	int:1 int:1 vector:10 bool:0 netid:0 intarr:1
268	0x21c99c0	2	string:0 string:0
269	0x21c99f8	3	locstrarr:0 intarr:1 string:0
270	0x21c9a30	2	int:0 rawdata:0
271	0x21c9a68	1	int:0
272	0x21c9aa0	1	int:2
273	0x21c9ad8	2	string:0 rawdata:0
274	0x21c9b10	1	stringarr:0
275	0x21c9b48	2	int:2 int:1
276	0x21c9b80	8	int:2 string:0 string:0 rawdata:0 rawdata:0 rawdata:0 int:1 int:1
277	0x21c9bb8	2	int:1 string:0
278	0x21c9bf0	6	int:1 int:1 vector:10 bool:0 string:0 string:0
279	0x21c9c28	7	int:1 int:1 vector:10 bool:0 netidarr:0/e5:10000 netid:0/e1:100 string:0/e1:10
280	0x21c9c60	8	int:1 int:1 vector:10 bool:0 bool:0/e1:100 float:9/e2:10 float:9/e2:10 float:4/e2:10
281	0x21c9c98	4	netid:0 netid:0 bool:0 bool:0
282	0x21c9cd0	4	int:0 int:0 int:1 int:1
283	0x21c9d08	4	int:0 int:0 int:1 bool:0
284	0x21c9d40	3	int:0 int:0 int:1
285	0x21c9d78	1	string:0
286	0x21c9db0	3	netid:0 int:1 msg:0>122
287	0x21c9de8	3	netid:0 int:1 msg:0>122
288	0x21c9e20	3	netid:0 int:1 int:1
289	0x21c9e58	4	netid:0 netid:0 int:1 string:2
290	0x21c9e90	2	netid:0 netid:0
291	0x21c9ec8	1	netid:0
292	0x21c9f00	2	int:1 int:1
293	0x21c9f38	5	netid:0 netid:0 int:2 netid:0 bool:0
294	0x21c9f70	2	netid:0 bool:0
295	0x21c9fa8	2	netid:0 bool:0
296	0x21c9fe0	2	netid:0 bool:0
297	0x21ca018	2	int:2 int:2
298	0x21ca050	1	int64:0
299	0x21ca088	8	int:1 int:1 vector:10 bool:0 bool:0/e1:10000 bool:0/e1:10000 float:0/e2:100 floatarr:0/e2:10000
300	0x21ca0c0	1	rawdata:0
301	0x21ca0f8	1	rawdata:0
302	0x21ca130	5	int:0 netid:0 netid:0 netid:0 bool:0
303	0x21ca168	6	int:0 netid:0 netid:0 netid:0 bool:0 bool:0
304	0x21ca1a0	7	int:0 netid:0 netid:0 netid:0 bool:0 netid:0 netid:0
305	0x21ca1d8	3	netid:0 netid:0 bool:0
306	0x21ca210	5	netid:0 netid:0 string:0 string:0 msgarr:0>22
307	0x21ca248	3	string:0 rawdata:0 netid:0
308	0x21ca280	5	netid:0 intarr:1 rawdata:0 intarr:1 rawdata:0
309	0x21ca2b8	2	netid:0 netid:0
310	0x21ca2f0	5	netid:0 netid:0 int:0 vector:0 int:0
311	0x21ca328	1	netid:0
312	0x21ca360	3	string:0 rawdata:0 netid:0
313	0x21ca398	4	stringarr:0 int:1 int:0 int:0
314	0x21ca3d0	3	int:0 string:0 msgarr:0>313
315	0x21ca408	2	int:0 intarr:1
316	0x21ca440	1	stringarr:0
317	0x21ca478	3	int:1 int:0 int:1
318	0x21ca4b0	2	int:0 bool:0
319	0x21ca4e8	6	int:1 int:1 vector:10 bool:0 vector:10/e2:1 int:0/e1:0
320	0x21ca520	2	int:0 int:0
321	0x21ca558	65	int:1 int:1 vector:10 bool:0 bool:0 float:0 int:1/e1:10000 float:0 vector:0/e2:1 netid:0/e1:10 int:0/e1:1 bool:0/e1:10 bool:0/e1:10 optmsg:0>211/e2:1 netid:0/e1:100 netidarr:0/e4:5000 string:2/e1:100 bool:0/e1:100 float:0/e1:100 int:1/e1:10000 netid:0/e1:100 netid:0/e1:10000 int:1/e1:10000 netid:0/e1:10000 netid:0/e1:10000 netidarr:0/e4:5000 boolarr:2/e1:50 netid:0/e1:100 int:2/e1:100 float:4/e1:10 float:0/e2:0.1 float:0/e2:0.1 int:2/e1:100 bool:0/e1:100 bool:0/e1:100 bool:0/e1:100 bool:0/e1:100 netid:0/e1:100 float:0/e2:10 int:0/e1:100 int:1/e1:100 int:0/e1:100 bool:0/e1:100 bool:0/e1:100 bool:0/e1:100 bool:0/e1:100 netid:0/e1:10000 boolarr:2/e1:100 bool:0/e1:100 bool:0/e1:100 bool:0/e1:100 bool:0/e1:100 boolarr:2/e1:10 int:2/e1:100 netidarr:0/e4:10 int:0/e1:100 string:0/e1:10 int:0/e1:100 bool:0/e1:100 bool:0/e1:100 bool:0/e1:100 bool:0/e1:100 string:0/e1:10 msgarr:0>8/e10:1 netidarr:0/e4:10
322	0x21ca590	10	int:1 int:1 vector:10 bool:0 vector:0/e2:1 matrix:12/e2:1 vector:11/e9:0.1 vector:11/e9:0.1 int:1/e1:10 int:1
323	0x21ca5c8	2	netid:0 netid:0
324	0x21ca600	2	netid:0 netid:0
325	0x21ca638	2	netid:0 int:1
326	0x21ca670	0	
327	0x21ca6a8	2	string:0 string:0
328	0x21ca6e0	2	bool:0 int:0
329	0x21ca718	2	netid:0 netid:0
330	0x21ca750	4	netid:0 matrix:0 vector:0 string:2
331	0x21ca788	2	netid:0 netid:0
332	0x21ca7c0	2	netid:0 netid:0
333	0x21ca7f8	2	netid:0 vector:0
334	0x21ca830	2	netid:0 float:0
335	0x21ca868	2	netid:0 int:2
336	0x21ca8a0	2	netid:0 int:1
337	0x21ca8d8	2	netid:0 bool:0
338	0x21ca910	3	netid:0 int:1 bool:0
339	0x21ca948	2	netid:0 int:2
340	0x21ca980	3	netid:0 int:0 idstrarr:0
341	0x21ca9b8	2	int:0 rawdata:0
342	0x21ca9f0	2	int:0 rawdata:0
343	0x21caa28	3	int:0 netid:0 rawdata:0
344	0x21caa60	1	netid:0
345	0x21caa98	1	netid:0
346	0x21caad0	1	netid:0
347	0x21cab08	1	netid:0
348	0x21cab40	5	int:1 int:1 vector:10 bool:0 int:0
349	0x21cab78	5	int:1 int:1 vector:10 bool:0 vector:10/e2:1
350	0x21cabb0	5	int:1 int:1 vector:10 bool:0 int:0
351	0x21cabe8	6	int:1 int:1 vector:10 bool:0 int:2/e1:1 int:2/e1:1
352	0x21cac20	2	netid:0 netid:0
353	0x21cac58	2	netid:0 int:0
354	0x21cac90	3	netid:0 netid:0 bool:0
355	0x21cacc8	2	int:1 int:1
356	0x21cad00	10	int:0 netid:0 int:2 int:2 int:2 int:2 int:1 int:1 netid:0 int:2
357	0x21cad38	2	string:0 int:1
358	0x21cad70	8	string:0 string:0 rawdata:0 rawdata:0 rawdata:0 int:1 int:1 int:2
359	0x21cada8	1	int:1
360	0x21cade0	3	netid:0 bool:2 bool:2
361	0x21cae18	2	netid:0 bool:0
362	0x21cae50	7	int:2 int:0 string:0 string:0 string:0 netidarr:0 int:0
363	0x21cae88	2	int:2 string:0
364	0x21caec0	3	int:2 string:0 string:0
365	0x21caef8	3	int:2 netidarr:0 bool:0
366	0x21caf30	1	rawdata:0
367	0x21caf68	2	netid:0 float:0
368	0x21cafa0	2	netid:0 netid:0
369	0x21cafd8	2	netid:0 netid:0
370	0x21cb010	5	netid:0 netid:0 msgarr:0>159 msgarr:0>158 netid:0
371	0x21cb048	11	string:0 int:1 stringarr:0 stringarr:0 stringarr:0 intarr:0 intarr:0 intarr:0 intarr:0 stringarr:0 int:1
372	0x21cb080	3	string:0 rawdata:13 int:0
373	0x21cb0b8	2	netid:0 netid:0
374	0x21cb0f0	28	int:1 int:1 vector:10 bool:0 bool:0 float:0 int:1/e1:10000 float:0 vector:0/e2:1 netid:0/e1:10 int:0/e1:1 bool:0/e1:10 bool:0/e1:10 optmsg:0>211/e2:1 netid:0/e1:100 netidarr:0/e4:5000 string:2/e1:100 bool:0/e1:100 float:0/e1:100 int:1/e1:10000 netid:0/e1:100 netid:0/e1:10000 int:1/e1:10000 int:0/e1:1e+10 bool:0/e1:100 bool:0/e1:100 bool:0/e1:100 bool:0/e1:100
375	0x21cb128	5	int:2 netid:0 netidarr:0 strfloatarr:0 string:0
376	0x21cb160	4	netid:0 int:1 string:2 string:2
377	0x21cb198	2	netid:0 string:2
378	0x21cb1d0	2	int:1 int:2
379	0x21cb208	2	netid:0 bool:0
380	0x21cb240	2	netid:0 bool:0
381	0x21cb278	1	netid:0
382	0x21cb2b0	1	bool:0
383	0x21cb2e8	3	netid:0 int:1 bool:0
384	0x21cb320	1	netid:0
385	0x21cb358	1	netid:0
386	0x21cb390	2	netid:0 int:1
387	0x21cb3c8	1	netid:0
388	0x21cb400	2	netid:0 string:2
389	0x21cb438	2	string:0 netid:0
390	0x21cb470	1	netid:0
391	0x21cb4a8	1	netid:0
392	0x21cb4e0	8	netid:0 vector:0 matrix:12 vector:0 matrix:12 vector:0 float:0 int:1
393	0x21cb518	1	netid:0
394	0x21cb550	12	int:1 int:1 vector:10 bool:0 vector:0/e2:1 matrix:12/e2:1 vector:11/e9:0.1 vector:11/e9:0.1 int:1/e1:10 int:1 bool:0/e1:100 float:8/e2:100
395	0x21cb588	7	string:2 rawdata:13 int:1 int:1 string:2 rawdata:0 bool:0
396	0x21cb5c0	8	string:2 rawdata:13 int:1 int:1 string:2 rawdata:0 bool:0 string:2
397	0x21cb5f8	8	string:2 rawdata:13 int:1 int:1 string:2 rawdata:0 bool:0 int:1
398	0x21cb630	7	string:2 rawdata:13 int:1 int:1 string:2 int:1 int:1
399	0x21cb668	5	string:2 rawdata:13 int:1 int:1 string:2
400	0x21cb6a0	1	string:2
401	0x21cb6d8	3	string:0 rawdata:0 string:0
402	0x21cb710	8	string:2 rawdata:13 int:1 int:1 string:2 rawdata:0 bool:0 int:1
403	0x21cb748	3	netid:0 string:2 stringarr:0
404	0x21cb780	8	string:2 rawdata:13 int:1 int:1 string:2 int:1 rawdata:0 int:1
405	0x21cb7b8	7	string:2 rawdata:13 int:1 int:1 string:2 rawdata:0 int:1
406	0x21cb7f0	6	string:2 rawdata:13 int:1 int:1 string:2 int:1
407	0x21cb828	3	netid:0 int:1 string:2
408	0x21cb860	3	string:0 rawdata:0 rawdata:0
409	0x21cb898	4	string:0 rawdata:0 netid:0 int:0
410	0x21cb8d0	4	string:0 rawdata:0 netid:0 intarr:1
411	0x21cb908	3	string:0 rawdata:0 rawdata:0
412	0x21cb940	4	string:0 rawdata:0 netid:0 int:0
413	0x21cb978	4	string:0 rawdata:0 netid:0 intarr:1
414	0x21cb9b0	5	string:0 rawdata:0 int:1 int:1 int:0
415	0x21cb9e8	5	string:0 rawdata:0 int:1 int:1 intarr:1
416	0x21cba20	4	string:0 rawdata:0 string:0 int:0
417	0x21cba58	4	string:0 rawdata:0 string:0 intarr:1
418	0x21cba90	2	netid:0 bool:0
419	0x21cbac8	2	netid:0 netid:0
420	0x21cbb00	19	int:1 int:1 vector:10 bool:0 int:1 string:2 string:0 vector:0 matrix:0 string:0 int:2 int:2 int:2 bool:0 netid:0 floatarr:0 int:0 string:0 string:0
421	0x21cbb38	3	netid:0 string:0 bool:0
422	0x21cbb70	3	int:2 stringarr:2 floatarr:2
423	0x21cbba8	8	string:2 rawdata:13 int:1 int:1 string:2 rawdata:0 bool:0 netid:0
424	0x21cbbe0	2	int:1 int:1
425	0x21cbc18	2	string:0 int:1
426	0x21cbc50	2	netid:0 bool:2
427	0x21cbc88	3	netid:0 bool:0 int:0
428	0x21cbcc0	2	netid:0 int:0
429	0x21cbcf8	2	netid:0 bool:0
430	0x21cbd30	2	netid:0 bool:0
431	0x21cbd68	2	netid:0 bool:0
432	0x21cbda0	3	netid:0 vector:0 vector:0
433	0x21cbdd8	2	netid:0 vector:0
434	0x21cbe10	2	int:1 int:1
435	0x21cbe48	1	int:0
436	0x21cbe80	6	netid:0 netid:0 netid:0 vector:0 vector:0 bool:0
437	0x21cbeb8	3	int:2 int:1 int:1
438	0x21cbef0	3	int:2 string:0 rawdata:0
439	0x21cbf28	6	int:1 rawdata:0 int:1 int:1 int:1 int:1
440	0x21cbf60	3	int:1 int:1 rawdata:0
441	0x21cbf98	2	int:1 int:1
442	0x21cbfd0	2	int:1 int:1
443	0x21cc008	4	intarr:0 intarr:0 intarr:0 intarr:0
444	0x21cc040	4	int:1 int64:0 bool:0 rawdata:13
445	0x21cc078	4	netid:0 int:1 string:0 intarr:1
446	0x21cc0b0	4	netid:0 int:1 string:0 rawdata:0
447	0x21cc0e8	43	int:1 int:1 vector:10 bool:0 bool:0 float:0 int:1/e1:10000 float:0 vector:0/e2:1 netid:0/e1:10 int:0/e1:1 bool:0/e1:10 bool:0/e1:10 optmsg:0>211/e2:1 netid:0/e1:100 netidarr:0/e4:5000 string:2/e1:100 bool:0/e1:100 float:0/e1:100 int:1/e1:10000 netid:0/e1:100 netid:0/e1:10000 int:1/e1:10000 int:0/e1:1e+10 bool:0/e1:100 bool:0/e1:100 bool:0/e1:100 bool:0/e1:100 netidarr:0/e4:1 float:0/e2:1 float:0/e2:1 float:0/e2:1 floatarr:0/e2:1 netid:0/e1:100 int:2/e1:1 floatarr:0/e2:10 floatarr:0/e2:10 intarr:0/e1:10 floatarr:0/e2:10 floatarr:0/e2:10 intarr:0/e1:10 bool:0/e1:100 netid:0/e1:100
448	0x21cc120	2	netid:0 netid:0
449	0x21cc158	2	netid:0 netid:0
450	0x21cc190	2	netid:0 float:0
451	0x21cc1c8	4	netid:0 netid:0 bool:0 bool:0
452	0x21cc200	5	netid:0 int:2 vector:0 float:0 int:1
453	0x21cc238	3	netid:0 int:2 int:1
454	0x21cc270	2	netid:0 float:0
455	0x21cc2a8	3	netid:0 int:1 float:0
456	0x21cc2e0	2	netid:0 float:0
457	0x21cc318	3	netid:0 stringarr:13 bool:0
458	0x21cc350	2	netid:0 bool:0
459	0x21cc388	2	netid:0 netid:0
460	0x21cc3c0	7	int:1 int:1 vector:10 bool:0 msg:0>465 netid:0 netid:0
461	0x21cc3f8	3	netid:0 netid:0 msg:0>465
462	0x21cc430	1	netid:0
463	0x21cc468	12	int:1 int:1 vector:10 bool:0 bool:0 float:0 int:1/e1:10000 float:0 vector:0/e2:1 netid:0/e1:10 int:0/e1:1 bool:0/e1:100
464	0x21cc4a0	3	netid:0 vector:0 string:2
465	0x21cc4d8	16	int:2 vector:0 msg:0>464 msg:0>464 msg:0>464 msg:0>464 msg:0>464 msg:0>464 float:0 msg:0>471 float:0 float:0 float:0 bool:0 bool:0 bool:0
466	0x21cc510	6	netid:0 bool:0 bool:0 bool:0 bool:0 float:0
467	0x21cc548	14	int:1 int:1 vector:10 bool:0 int:1/e1:100 int:1/e1:100 matrix:12/e2:1 vector:0/e2:1 vector:0/e9:1 vector:0/e9:1 matrix:12/e2:1 vector:0/e2:1 vector:0/e9:1 vector:0/e9:1
468	0x21cc580	2	netid:0 vector:0
469	0x21cc5b8	8	netid:0 floatarr:0 floatarr:0 floatarr:0 floatarr:0 floatarr:0 floatarr:0 floatarr:0
470	0x21cc5f0	3	netid:0 vector:0 vector:0
471	0x21cc628	15	msg:0>472 msg:0>474 msg:0>474 msg:0>474 msg:0>474 float:7 float:7 msg:0>474 msg:0>473 msg:0>473 msg:0>473 msg:0>473 msg:0>473 msg:0>473 byte:0
472	0x21cc660	6	int:2 int:2 int:2 int:2 int:2 int:2
473	0x21cc698	4	int:2 float:0 float:0 float:0
474	0x21cc6d0	5	float:0 float:0 float:4 float:0 float:0
475	0x21cc708	18	int:1 int:1 vector:10 bool:0 int:1 string:2 string:0 vector:0 matrix:0 string:0 int:2 int:2 int:2 bool:0 netid:0 floatarr:0 int:0 float:4
476	0x21cc740	82	int:1 int:1 vector:10 bool:0 bool:0 float:0 int:1/e1:10000 float:0 vector:0/e2:1 netid:0/e1:10 int:0/e1:1 bool:0/e1:10 bool:0/e1:10 optmsg:0>211/e2:1 netid:0/e1:100 netidarr:0/e4:5000 string:2/e1:100 bool:0/e1:100 float:0/e1:100 int:1/e1:10000 netid:0/e1:100 netid:0/e1:10000 int:1/e1:10000 netid:0/e1:10000 netid:0/e1:10000 netidarr:0/e4:5000 boolarr:2/e1:50 netid:0/e1:100 int:2/e1:100 float:4/e1:10 float:0/e2:0.1 float:0/e2:0.1 int:2/e1:100 bool:0/e1:100 bool:0/e1:100 bool:0/e1:100 bool:0/e1:100 netid:0/e1:100 float:0/e2:10 int:0/e1:100 int:1/e1:100 int:0/e1:100 bool:0/e1:100 bool:0/e1:100 bool:0/e1:100 bool:0/e1:100 netid:0/e1:10000 boolarr:2/e1:100 bool:0/e1:100 bool:0/e1:100 bool:0/e1:100 bool:0/e1:100 boolarr:2/e1:10 int:2/e1:100 netidarr:0/e4:10 int:0/e1:100 string:0/e1:10 int:0/e1:100 bool:0/e1:100 bool:0/e1:100 bool:0/e1:100 bool:0/e1:100 string:0/e1:10 msgarr:0>8/e10:1 netidarr:0/e4:10 float:4/e2:10 int:1/e1:100 float:0/e2:10 int:1/e1:100 int:1/e1:100 vector:0/e2:0.1 bool:0/e1:10 bool:0/e1:10 bool:0/e1:10 bool:0/e1:100 bool:0/e1:100 int:1/e1:100 netid:0/e1:100 vector:0/e2:10 netidarr:0/e4:100 float:0/e2:1 int:2/e1:1
477	0x21cc778	20	int:1 int:1 vector:10 bool:0 vector:0/e2:1 matrix:12/e2:1 vector:11/e9:0.1 vector:11/e9:0.1 int:1/e1:10 int:1 float:6/e2:10 float:6/e2:10 float:6/e2:10 float:6/e2:10 float:6/e2:10 float:6/e2:10 float:6/e2:10 float:9/e2:10 float:6/e2:10 vector:0/e2:1
478	0x21cc7b0	31	int:1 int:1 vector:10 bool:0 int:1 string:2 string:0 vector:0 matrix:0 string:0 int:2 int:2 int:2 bool:0 netid:0 floatarr:0 int:0 netid:0 vector:0 int:0 netidarr:0 floatarr:0 floatarr:0 floatarr:0 float:0 int:0 string:0 string:0 vector:0 vector:0 string:0
479	0x21cc7e8	28	int:1 int:1 vector:10 bool:0 bool:0 float:0 int:1/e1:10000 float:0 vector:0/e2:1 netid:0/e1:10 int:0/e1:1 bool:0/e1:10 bool:0/e1:10 optmsg:0>211/e2:1 netid:0/e1:100 netidarr:0/e4:5000 string:2/e1:100 bool:0/e1:100 float:0/e1:100 int:1/e1:10000 netid:0/e1:10 float:0/e2:10 netidarr:0/e4:10 floatarr:0/e2:10 floatarr:0/e2:10 floatarr:0/e2:10 vector:0/e2:1 vector:0/e2:1
480	0x21cc820	10	int:1 int:1 vector:10 bool:0 vector:0/e2:1 matrix:12/e2:1 vector:11/e9:0.1 vector:11/e9:0.1 int:1/e1:10 int:1
481	0x21cc858	2	netid:0 bool:0
482	0x21cc890	2	netid:0 netid:0
483	0x21cc8c8	2	netid:0 float:0
484	0x21cc900	6	int:1 int:1 vector:10 bool:0 floatarr:8/e2:10 floatarr:0/e2:10
485	0x21cc938	8	int:1 int:1 vector:10 bool:0 floatarr:8/e2:10 floatarr:0/e2:10 floatarr:8/e2:10 floatarr:0/e2:10
486	0x21cc970	13	int:1 int:1 vector:10 bool:0 floatarr:8/e2:10 floatarr:0/e2:10 float:7/e2:0.1 float:7/e2:0.1 float:7/e2:0.1 float:7/e2:0.1 float:6/e2:0.1 float:7/e2:1 float:7/e2:1
487	0x21cc9a8	2	netid:0 netid:0
488	0x21cc9e0	2	netid:0 netid:0
489	0x21cca18	2	netid:0 bool:0
490	0x21cca50	5	netid:0 vector:0 bool:0 netidarr:0 int:0
